0.022963,0.023503,0.049768,0.03414,-57.155,6.5881,-0.70658,1.4517,-0.37538,1.1967,0.015359,0.32502,-0.41096,-0.19853,-0.11891,0.019908,-0.089924,4e-06,5e-06,2e-06,3e-06,2e-06,4e-06,1e-06,3e-06,4e-06,1e-06,2e-06,1e-06,1.7611,5.0077,0,0,0,0,2e-06,0,0,0,0,0,0,0,0,0,0,0,0,0,0,0,0,0,0,0,0,0,0,0,0,0,0
0.017555,0.020011,0.042804,0.093669,-41.279,5.4578,-0.13238,0.77601,-0.47898,-0.038599,0.23193,0.55358,0.36517,0.1836,-0.10029,-0.094307,-0.1107,0.001333,0.000746,0.00065,0.000322,0.000503,0.001475,0.000811,0.001521,0.00072,0.00094,0.001966,0.00106,1.9582,6.1079,0,0,0,0,0,0,0,0,0,0,0,0,0,0,0,0,0,0,0,0,0,0,0,0,0,0,0,0,0,0,0
0.011049,0.03002,0.063574,0.011987,-58.724,6.4874,-1.4507,0.91948,-0.86723,-0.32001,-0.23295,0.60205,0.5178,-0.11471,0.66701,-0.36837,0.35668,1e-06,1e-06,1e-06,2e-06,1e-06,1e-06,3e-06,1e-06,3e-06,1e-06,2e-06,2e-06,1.8082,5.0864,0,0,0,0,0,0,0,0,0,0,0,0,0,0,0,0,0,0,0,0,0,0,0,0,0,0,0,0,0,0,0
0.002983,0.007584,0.015834,0.031878,-61.813,9.5244,0.56,0.98659,0.71717,0.98194,0.19355,0.1401,0.36039,0.17221,-0.32125,0.65139,-0.16498,1e-05,1e-05,9e-06,1.7e-05,8e-06,2.2e-05,1.9e-05,9e-06,1.4e-05,1.1e-05,1.1e-05,6e-06,1.8299,3.5066,0,0,0,0,0,0,0,0,0,0,0,0,0,0,0,0,0,0,0,0,0,0,0,0,0,0,0,0,0,0,0
0.017891,0.053121,0.1456,0.075334,-47.621,3.8642,-0.60778,0.36801,-0.93423,0.42556,0.025664,-0.25114,-0.060904,-0.28924,0.51871,-0.18331,0.18606,4.9e-05,3.1e-05,2.8e-05,2.7e-05,4.6e-05,4.4e-05,2.4e-05,4e-05,2.4e-05,2.6e-05,1.9e-05,3.4e-05,1.5003,2.612,0,0,0,0,0,0,0,0,0,0,0,0,0,0,0,0,0,0,0,0,0,0,0,0,0,0,0,0,0,0,0
0.012043,0.025834,0.035642,0.052321,-56.91,4.0384,1.404,0.62111,0.30014,0.34197,-0.2319,0.78719,0.07108,0.44702,-0.11589,0.19642,0.31081,2e-06,2e-06,3e-06,3e-06,3e-06,4e-06,2e-06,6e-06,7e-06,5e-06,4e-06,2e-06,1.8618,4.2796,0,0,0,0,2e-06,0,0,0,0,0,0,0,0,0,0,0,0,0,0,0,0,0,0,0,0,0,0,0,0,0,0
0.006015,0.041076,0.069063,0.042208,-54.31,4.8004,1.2993,0.43518,0.017531,-0.001288,0.44533,0.46078,0.034668,-0.27146,-0.165,-0.16272,0.15376,5e-06,3e-06,6e-06,2e-06,3e-06,1.1e-05,3e-06,3e-06,2e-06,4e-06,8e-06,3e-06,2.4465,6.1585,0,0,0,0,2e-06,0,0,0,0,0,0,0,0,0,0,0,0,0,0,0,0,0,0,0,0,0,0,0,0,0,0
0.003617,0.014764,0.026803,0.028513,-57.002,4.2779,0.1913,1.1978,0.26267,0.35809,0.69623,0.46286,0.037282,-0.047391,-0.1792,0.56129,0.11716,1.4e-05,5e-06,2e-06,2e-06,2e-06,1e-06,2e-06,4e-06,3e-06,4e-06,4e-06,5e-06,3.3817,9.5627,0,0,0,0,2e-06,0,0,0,0,0,0,0,0,0,0,0,0,0,0,0,0,0,0,0,0,0,0,0,0,0,0
0.00696,0.009743,0.019984,0.019132,-61.094,5.4373,0.65968,0.70106,0.13347,0.15838,0.29818,0.71113,0.13154,-0.044541,-0.54317,-0.42671,-0.030432,2e-06,7e-06,2e-06,3e-06,1e-06,1e-06,0,1e-06,3e-06,1e-06,1e-06,1e-06,3.6473,15.083,0,0,0,0,2e-06,0,0,0,0,0,0,0,0,0,0,0,0,0,0,0,0,0,0,0,0,0,0,0,0,0,0
0.018096,0.085443,0.34487,0.1025,-62.34,2.3225,1.4456,0.21492,0.39782,0.54465,-0.15138,-0.084224,0.33171,0.27709,0.11084,0.038973,0.071447,0,0,0,0,0,0,0,0,0,1e-06,1e-06,1e-06,1.5143,2.376,0,0,0,0,0,0,0,0,0,0,0,0,0,0,0,0,0,0,0,0,0,0,0,0,0,0,0,0,0,0,0
0.006325,0.026587,0.040143,0.062029,-57.887,5.989,0.22201,0.62179,-0.19291,-0.015216,0.072863,0.07417,0.35713,0.23001,0.27734,0.30226,0.49645,3e-06,1e-06,1e-06,2e-06,7e-06,7e-06,1e-06,1e-06,1e-06,1e-06,1e-06,2e-06,3.0584,10.214,0,0,0,0,1e-06,0,0,0,0,0,0,0,0,0,0,0,0,0,0,0,0,0,0,0,0,0,0,0,0,0,0
0.004104,0.035422,0.10682,0.12289,-65.29,4.9143,-1.8911,3.4636,-0.30279,0.83944,-0.38457,0.71406,-0.26461,0.49877,0.042147,0.43508,-0.38946,0,0,0,0,0,0,0,0,0,0,0,0,2.1885,4.4847,0,0,0,0,0,0,0,0,0,0,0,0,0,0,0,0,0,0,0,0,0,0,0,0,0,0,0,0,0,0,0
0.008026,0.056239,0.097815,0.023616,-63.061,5.1707,-3.0266,0.34625,-0.12957,0.50931,0.58112,0.39097,-0.10286,-0.10083,0.5246,-0.13447,0.062771,0,0,0,0,0,0,0,0,0,0,0,0,2.2656,6.7913,0,0,0,0,1e-06,0,0,0,0,0,0,0,0,0,0,0,0,0,0,0,0,0,0,0,0,0,0,0,0,0,0
0.007562,0.039891,0.085288,0.0509,-56.221,4.8735,-0.69414,0.51533,0.11589,0.37872,-0.12186,0.069971,-0.26564,-0.11979,0.24343,0.21599,-0.039377,3e-06,1e-06,1e-06,1e-06,2e-06,1e-06,1e-06,4e-06,2e-06,1e-06,1e-06,2e-06,2.1265,4.0951,0,0,0,0,0,0,0,0,0,0,0,0,0,0,0,0,0,0,0,0,0,0,0,0,0,0,0,0,0,0,0
0.003546,0.018699,0.037721,0.0272,-60.497,9.0076,-0.84177,1.1039,-0.007592,0.49705,-0.15621,0.22064,0.3393,0.32629,-0.52321,-0.23562,0.24302,2e-06,2e-06,3e-06,2e-06,1e-06,2e-06,3e-06,1e-06,1e-06,1e-06,5e-06,3e-06,2.2216,8.6427,0,0,0,0,0,0,0,0,0,0,0,0,0,0,0,0,0,0,0,0,0,0,0,0,0,0,0,0,0,0,0
0.004399,0.008123,0.019031,0.027038,-54.07,5.685,0.37034,1.0199,-0.19275,0.21421,0.001955,0.18417,-0.16425,-0.12601,0.026669,0.31226,0.14867,7.1e-05,1.2e-05,1.3e-05,1.1e-05,2.5e-05,8e-06,1.2e-05,9e-06,4e-06,8e-06,2.4e-05,0.00011,4.3266,26.915,0,0,0,0,0,0,0,0,0,0,0,0,0,0,0,0,0,0,0,0,0,0,0,0,0,0,0,0,0,0,1e-06
0.010121,0.029032,0.075724,0.016838,-54.153,4.4353,-0.30281,1.0971,-0.077124,-0.042707,-0.75462,-0.067237,0.50252,0.03372,0.005137,0.23473,-0.35089,6e-06,5e-06,5e-06,4e-06,5e-06,4e-06,7e-06,4e-06,4e-06,7e-06,6e-06,1.1e-05,1.93,2.9332,0,0,0,0,1e-06,0,0,0,0,0,0,0,0,0,0,0,0,0,0,0,0,0,0,0,0,0,0,0,0,0,0
0.014211,0.043647,0.11069,0.029075,-55.239,3.1347,0.071272,0.21029,0.29069,0.023194,-0.1765,-0.046606,0.11613,0.4099,0.5139,0.20105,-0.087946,2e-06,3e-06,3e-06,4e-06,4e-06,4e-06,5e-06,4e-06,4e-06,5e-06,4e-06,3e-06,1.412,2.2264,0,0,0,0,2e-06,0,0,0,0,0,0,0,0,0,0,0,0,0,0,0,0,0,0,0,0,0,0,0,0,0,0
0.005589,0.055554,0.079993,0.074135,-63.583,6.7412,-3.5906,0.87179,0.58274,0.23051,-1.2318,-0.58933,0.35802,0.54527,0.16837,0.22331,-0.098025,0,0,0,0,0,0,0,0,0,0,0,0,2.05,10,0,0,0,0,0,0,0,0,0,0,0,0,0,0,0,0,0,0,0,0,0,0,0,0,0,0,0,0,0,0,0
0.004356,0.021694,0.047599,0.054621,-58.191,5.5687,-0.4267,0.72981,-0.84406,-0.052377,-0.066303,0.37573,-0.3367,-0.22507,0.46863,0.73718,-0.026073,1e-06,1e-06,2e-06,5e-06,2e-06,3e-06,1e-06,3e-06,1e-06,2e-06,2e-06,1e-06,2.5167,8.1344,0,0,0,0,0,0,0,0,0,0,0,0,0,0,0,0,0,0,0,0,0,0,0,0,0,0,0,0,0,0,0
0.005234,0.023831,0.042172,0.036162,-60.11,6.1524,0.30066,0.66863,0.17569,-0.33822,-0.11348,0.28443,-0.49702,-0.18602,0.17107,0.043772,0.057718,2e-06,2e-06,0,0,1e-06,1e-06,0,1e-06,1e-06,1e-06,2e-06,1e-06,2.0307,5.5744,0,0,0,0,2e-06,0,0,0,0,0,0,0,0,0,0,0,0,0,0,0,0,0,0,0,0,0,0,0,0,0,0
0.010127,0.066076,0.12669,0,-56.627,3.6994,-1.7628,-0.083637,-0.71588,0.31739,0.22651,0.2914,-0.21438,-0.26932,-0.57367,-0.17609,-0.075776,1e-06,3e-06,1e-06,1e-06,1e-06,1e-06,2e-06,1e-06,1e-06,0,1e-06,1e-06,2.6436,6.5873,0,0,0,0,1e-06,0,0,0,0,0,0,0,0,0,0,0,0,0,0,0,0,0,0,0,0,0,0,0,0,0,0
0.005925,0.029943,0.053527,0.038995,-61.36,8.9702,-1.2603,-0.45665,-1.209,0.81424,-1.3341,-2.0223,-1.1774,-0.38758,-0.618,-0.56461,-0.48125,3e-06,0,1e-06,4e-06,1e-06,4e-06,1e-06,4e-06,2e-06,1e-06,2e-06,1e-06,2.0541,8.3048,0,0,0,0,0,0,0,0,0,0,0,0,0,0,0,0,0,0,0,0,0,0,0,0,0,0,0,0,0,0,0
0.005031,0.038942,0.089344,0.015382,-54.738,4.6763,0.65579,0.98666,-0.46397,-0.59533,0.56671,-0.23285,-0.014937,0.5672,-0.34918,-0.10696,-0.21979,5e-06,2e-06,2e-06,2e-06,2e-06,5e-06,3e-06,9e-06,7e-06,3e-06,7e-06,3e-06,2.1894,5.9341,0,0,0,0,0,0,0,0,0,0,0,0,0,0,0,0,0,0,0,0,0,0,0,0,0,0,0,0,0,0,0
0.005409,0.087676,0.14073,0.041139,-68.438,2.7063,-4.644,1.6212,-0.78596,0.79136,-0.005992,0.22778,-0.015117,-0.78002,0.040309,0.004643,-0.27414,0,0,0,0,0,0,0,0,0,0,0,0,2.8197,13.063,0,0,0,0,0,0,0,0,0,0,0,0,0,0,0,0,0,0,0,0,0,0,0,0,0,0,0,0,0,0,0
0.005618,0.026204,0.059747,0.046313,-63.446,3.811,0.24256,0.7628,0.10106,0.056547,0.25458,0.23221,-0.11029,-0.044984,-0.014537,0.070901,0.31158,0,0,1e-06,0,0,0,0,0,0,0,0,0,2.4897,5.3265,0,0,0,0,1e-06,0,0,0,0,0,0,0,0,0,0,0,0,0,0,0,0,0,0,0,0,0,0,0,0,0,0
0.001934,0.014825,0.02788,0.097531,-65.852,9.3111,-1.4075,1.5576,0.544,0.50963,0.4319,0.49841,-0.18642,0.047833,0.36862,0.47531,-0.011138,0,0,0,1e-06,1e-06,1e-06,1e-06,0,0,0,0,0,2.3341,6.417,0,0,0,0,0,0,0,0,0,0,0,0,0,0,0,0,0,0,0,0,0,0,0,0,0,0,0,0,0,0,0
0.010215,0.025893,0.04473,0.064801,-56.765,3.5018,0.67776,1.2062,0.023335,0.12794,-0.16441,0.21845,0.14053,0.11313,0.13311,0.23805,0.24021,5e-06,6e-06,5e-06,4e-06,3e-06,2e-06,3e-06,2e-06,2e-06,2e-06,4e-06,4e-06,1.8046,3.5467,0,0,0,0,0,0,0,0,0,0,0,0,0,0,0,0,0,0,0,0,0,0,0,0,0,0,0,0,0,0,0
0.004836,0.020969,0.053915,0.061637,-55.366,6.0722,-1.121,1.1446,0.49035,0.48805,-0.49794,-0.91322,-0.20146,0.054006,0.30077,0.58898,0.42601,6e-06,7e-06,4e-06,8e-06,8e-06,1.7e-05,1.4e-05,5e-06,4e-06,2e-06,2e-06,1e-06,2.6504,12.213,0,0,0,0,1e-06,0,0,0,0,0,0,0,0,0,0,0,0,0,0,0,0,0,0,0,0,0,0,0,0,0,0
0.013047,0.059245,0.10738,0.063411,-56.762,4.2604,-1.7292,-0.26773,-0.44076,-0.006997,-0.39772,-0.56558,-0.21232,-0.42465,-0.53243,-0.42946,-0.61687,2e-06,1e-06,1e-06,1e-06,1e-06,1e-06,1e-06,1e-06,1e-06,1e-06,1e-06,1e-06,1.5901,1.9952,0,0,0,0,0,0,0,0,0,0,0,0,0,0,0,0,0,0,0,0,0,0,0,0,0,0,0,0,0,0,0
0.006746,0.040972,0.068184,0.13357,-56.385,5.393,-0.016319,0.72173,-0.36917,0.29574,-0.20776,-0.739,-0.13261,-0.27226,0.01551,0.20314,0.1037,1e-06,2e-06,2e-06,2e-06,3e-06,3e-06,2e-06,2e-06,2e-06,2e-06,1e-06,1e-06,1.584,2.6133,0,0,0,0,0,0,0,0,0,0,0,0,0,0,0,0,0,0,0,0,0,0,0,0,0,0,0,0,0,0,0
0.004267,0.030188,0.050945,0.044052,-62.96,7.3701,-0.34257,1.6462,-1.8317,-0.14727,0.88751,0.4026,-0.012928,-2.0391,1.1418,-0.5884,0.39753,1e-06,3e-06,1e-06,0,0,0,0,0,1e-06,0,0,0,4.5978,27.22,0,0,0,0,2e-06,0,0,0,0,0,0,0,0,0,0,0,0,0,0,0,0,0,0,0,0,0,0,0,0,0,0
0.00398,0.011727,0.016358,0.062958,-54.321,4.3832,0.72148,1.6543,0.28998,0.2125,0.28523,0.31437,0.31627,0.17723,0.29046,-0.13927,-0.10132,2.2e-05,9e-06,7e-06,6e-06,1.7e-05,5.7e-05,1.9e-05,3.1e-05,9e-06,1.1e-05,2.9e-05,2e-05,2.8793,9.5382,0,0,0,0,0,0,0,0,0,0,0,0,0,0,0,0,0,0,0,0,0,0,0,0,0,0,0,0,0,0,0
0.001444,0.013712,0.019966,0.12339,-65.246,8.3738,0.20391,4.3163,-1.1879,0.96252,-0.27477,0.75008,0.30977,0.2379,0.063053,-0.08869,-0.394,1e-06,0,2e-06,1e-06,2e-06,0,1e-06,4e-06,1e-06,2e-06,0,0,3.1178,10.349,0,0,0,0,0,0,0,0,0,0,0,0,0,0,0,0,0,0,0,0,0,0,0,0,0,0,0,0,0,0,0
0.002141,0.020838,0.037733,0.015989,-66.806,12.4,-1.8494,0.75405,0.31622,-0.60537,0.36015,0.20495,0.16632,-0.24012,0.21869,-0.62974,0.22753,0,0,0,1e-06,0,0,2e-06,0,0,0,1e-06,1e-06,3.7983,15.216,0,0,0,0,0,0,0,0,0,0,0,0,0,0,0,0,0,0,0,0,0,0,0,0,0,0,0,0,0,0,0
0.003834,0.023174,0.078783,0.036251,-54.24,4.5674,-1.9668,1.3397,0.08855,0.69277,0.28919,0.74545,0.21103,0.034949,0.19674,0.14413,-0.15106,6e-06,5e-06,8e-06,6e-06,8e-06,1.5e-05,6e-06,4e-06,4e-06,7e-06,1.1e-05,5e-06,2.0569,3.7226,0,0,0,0,1e-06,0,0,0,0,0,0,0,0,0,0,0,0,0,0,0,0,0,0,0,0,0,0,0,0,0,0
0.002967,0.028151,0.056687,0.041009,-70.822,10.698,-2.8702,1.0029,0.88305,0.39077,-1.1502,-1.7402,-2.0382,-1.2057,0.27847,0.32552,-0.2253,0,0,0,0,0,1e-06,0,0,0,0,0,0,3.8983,31.816,0,0,0,0,0,0,0,0,0,0,0,0,0,0,0,0,0,0,0,0,0,0,0,0,0,0,0,0,0,0,0
0.009388,0.063093,0.16448,0.077942,-53.598,3.3439,0.20437,0.70434,1.0367,-0.65987,-0.22618,0.11797,-0.29412,0.36653,0.14795,-0.74291,-0.50745,6e-06,3e-06,4e-06,3e-06,2e-06,5e-06,3e-06,4e-06,3e-06,3e-06,2e-06,2e-06,1.8156,3.2686,0,0,0,0,2e-06,0,0,0,0,0,0,0,0,0,0,0,0,0,0,0,0,0,0,0,0,0,0,0,0,0,0
0.007852,0.0348,0.066107,0.038331,-56.941,5.4952,0.013336,0.61248,0.25295,0.23275,-0.54192,0.59884,-0.014126,-0.30543,0.32664,-0.34427,0.61633,3e-06,2e-06,2e-06,7e-06,2e-06,1e-06,1e-06,2e-06,1e-06,1e-06,2e-06,1e-06,3.6675,13.023,0,0,0,0,2e-06,0,0,0,0,0,0,0,0,0,0,0,0,0,0,0,0,0,0,0,0,0,0,0,0,0,0
0.002631,0.013675,0.028393,0.088262,-59.331,5.8812,0.32578,1.0344,0.012733,0.22435,-0.21491,0.051742,-0.0878,-0.09671,-0.28144,0.02942,0.087821,2e-06,0,2e-06,1e-06,4e-06,1e-06,1e-06,1e-06,0,0,1e-06,1e-05,4.7665,28.283,0,0,0,0,0,0,0,0,0,0,0,0,0,0,0,0,0,0,0,0,0,0,0,0,0,0,0,0,0,0,1e-06
0.001023,0.010222,0.013299,0.081598,-69.094,10.671,-1.9051,0.93316,1.3631,0.85343,0.098445,1.2325,1.2662,0.39779,0.34182,0.36448,-0.48189,0,1e-06,0,0,0,1e-06,0,0,0,1e-06,3e-06,1e-06,5.0483,68.545,0,0,0,0,0,0,0,0,0,0,0,0,0,0,0,0,0,0,0,0,0,0,0,0,0,0,0,0,0,0,1e-06
0.002579,0.022116,0.040846,0.029487,-64.499,10.766,-1.365,0.60702,0.12933,-0.38721,0.35607,0.1165,0.052635,-0.044259,-0.029088,-0.34047,0.1869,0,1e-06,0,1e-06,0,1e-06,2e-06,0,0,0,1e-06,1e-06,3.631,13.97,0,0,0,0,0,0,0,0,0,0,0,0,0,0,0,0,0,0,0,0,0,0,0,0,0,0,0,0,0,0,0
0.011622,0.036439,0.07758,0.057475,-57.061,7.0686,-1.5527,0.48682,-0.65147,-0.36699,-0.39083,0.54102,0.10525,-0.32279,0.86514,0.024283,0.72739,1e-06,4e-06,3e-06,1e-05,2e-06,1e-06,3e-06,2e-06,1.2e-05,3e-06,5e-06,5e-06,2.7838,14.046,0,0,0,0,0,0,0,0,0,0,0,0,0,0,0,0,0,0,0,0,0,0,0,0,0,0,0,0,0,0,0
0.005755,0.008715,0.01548,0.1667,-50.552,5.6072,0.98786,0.79876,0.19671,0.20509,0.043644,0.32844,-0.18305,0.17946,0.16288,0.1799,0.010542,0.000175,0.000144,0.0001,9.6e-05,0.000135,0.000108,8.7e-05,0.000145,7.2e-05,4.8e-05,8e-05,0.000132,1.5879,3.6308,0,0,0,0,1e-06,0,0,0,0,0,0,0,0,0,0,0,0,0,0,0,0,0,0,0,0,0,0,0,0,0,0
0.001225,0.01052,0.014229,0.021032,-64.244,8.9947,-1.0207,0.35809,0.81052,0.30732,0.86803,0.26567,0.75106,0.74625,0.057016,1.0505,-0.14902,1e-06,1e-06,1e-06,2e-06,0,1e-06,3e-06,1e-06,0,1e-06,3e-06,4e-06,2.4813,17.515,0,0,0,0,0,0,0,0,0,0,0,0,0,0,0,0,0,0,0,0,0,0,0,0,0,0,0,0,0,0,0
0.003031,0.010503,0.012003,0.014708,-60.806,4.1602,1.2029,0.76119,0.47025,0.60685,-0.14871,0.10288,0.34347,0.67039,-0.063892,0.087292,0.4283,6e-06,2e-06,2e-06,1e-06,1e-06,1e-06,1e-06,1e-06,1e-06,1e-06,4e-06,2e-06,3.1071,10.07,0,0,0,0,0,0,0,0,0,0,0,0,0,0,0,0,0,0,0,0,0,0,0,0,0,0,0,0,0,0,0
0.00519,0.024433,0.067086,0.042588,-58.029,5.2236,-1.1303,1.9999,-0.16134,0.97058,-0.19198,-0.443,-0.088979,-0.56244,-0.42965,-0.35071,-0.29824,4e-06,2e-06,1e-06,1e-06,2e-06,2e-06,1e-06,2e-06,1e-06,3e-06,2e-06,6e-06,2.6124,9.0546,0,0,0,0,0,0,0,0,0,0,0,0,0,0,0,0,0,0,0,0,0,0,0,0,0,0,0,0,0,0,0
0.009266,0.034774,0.083878,0.018476,-53.607,4.0306,0.63606,0.63324,0.35182,-0.45467,0.15054,0.28691,0.33287,-0.080056,0.062366,0.64188,0.35157,6e-06,9e-06,6e-06,8e-06,1e-05,7e-06,9e-06,6e-06,6e-06,4e-06,4e-06,6e-06,1.4961,2.7886,0,0,0,0,0,0,0,0,0,0,0,0,0,0,0,0,0,0,0,0,0,0,0,0,0,0,0,0,0,0,0
0.007615,0.071755,0.13581,0.01233,-53.65,3.9306,-1.3796,-0.04489,-0.53629,-0.28697,-0.13702,0.006342,-0.022032,-0.28269,0.1998,-0.44475,-0.001011,5e-06,2e-06,3e-06,3e-06,3e-06,3e-06,2e-06,4e-06,3e-06,2e-06,3e-06,2e-06,1.6896,2.5533,0,0,0,0,0,0,0,0,0,0,0,0,0,0,0,0,0,0,0,0,0,0,0,0,0,0,0,0,0,0,0
0.003442,0.027723,0.050518,0.034305,-74.236,10.445,-1.0938,1.0325,-1.6565,1.2503,0.27733,-0.93554,-1.6395,-1.6166,-0.090138,0.27415,1.2461,0,0,0,0,0,0,0,0,0,0,0,0,3.8325,76.342,0,0,0,0,0,0,0,0,0,0,0,0,0,0,0,0,0,0,0,0,0,0,0,0,0,0,0,0,0,0,2e-06
0.00338,0.035591,0.1061,0.023517,-61.81,4.2439,-0.45726,1.4304,-0.4037,0.053674,0.27235,0.32255,0.025438,0.15345,0.32095,0.11887,-0.29506,0,0,1e-06,0,0,0,1e-06,0,0,0,0,0,2.3329,6.5081,0,0,0,0,2e-06,0,0,0,0,0,0,0,0,0,0,0,0,0,0,0,0,0,0,0,0,0,0,0,0,0,0
0.00479,0.034615,0.059822,0.020998,-57.398,6.8474,-1.1734,-0.71397,0.16613,0.27085,-0.47884,-0.51149,-0.49245,-0.21276,-0.18776,0.31597,0.28408,2e-06,1e-06,2e-06,2e-06,1e-06,5e-06,3e-06,4e-06,1e-06,1e-06,3e-06,2e-06,2.1962,5.268,0,0,0,0,0,0,0,0,0,0,0,0,0,0,0,0,0,0,0,0,0,0,0,0,0,0,0,0,0,0,0
0.009344,0.050834,0.088991,0.044422,-54.643,5.0476,-0.63261,0.086727,-0.67126,0.20314,0.29166,0.18138,0.4043,-0.21843,-0.23551,0.33584,-0.066878,3e-06,2e-06,3e-06,2e-06,2e-06,3e-06,2e-06,5e-06,2e-06,4e-06,3e-06,2e-06,1.8608,3.4015,0,0,0,0,0,0,0,0,0,0,0,0,0,0,0,0,0,0,0,0,0,0,0,0,0,0,0,0,0,0,0
0.004369,0.027753,0.045374,0.0118,-55.431,6.5805,-0.36713,0.91505,-0.40046,-0.074587,-0.72839,-0.32027,0.069416,0.26781,-0.16785,0.048015,0.11469,1.1e-05,4e-06,1e-06,3e-06,3e-06,4e-06,4e-06,8e-06,8e-06,4e-06,2e-06,4e-06,2.2447,7.483,0,0,0,0,0,0,0,0,0,0,0,0,0,0,0,0,0,0,0,0,0,0,0,0,0,0,0,0,0,0,0
0.006662,0.030766,0.042735,0.033469,-56.484,7.0706,0.18157,0.071883,-0.25595,-0.31187,0.14533,-0.13143,-0.030895,-0.61926,-0.21497,-0.44765,-0.48528,4e-06,9e-06,2e-06,2e-06,2e-06,5e-06,5e-06,1e-06,2e-06,2e-06,7e-06,7e-06,2.2178,7.1875,0,0,0,0,1e-06,0,0,0,0,0,0,0,0,0,0,0,0,0,0,0,0,0,0,0,0,0,0,0,0,0,0
0.006252,0.020079,0.027993,0.072182,-58.644,4.1998,1.5481,0.74711,0.4107,0.41137,-0.19935,0.6741,0.047658,0.36649,-0.085597,0.30235,0.20343,1e-06,1e-06,2e-06,2e-06,2e-06,2e-06,1e-06,3e-06,3e-06,5e-06,3e-06,1e-06,2.188,5.3046,0,0,0,0,2e-06,0,0,0,0,0,0,0,0,0,0,0,0,0,0,0,0,0,0,0,0,0,0,0,0,0,0
0.009719,0.064864,0.1121,0.011857,-55.044,4.2709,-2.4849,-0.1187,-1.3175,0.7647,-0.59479,1.0783,-0.20337,-0.19526,-0.18355,-0.27785,-0.16611,3e-06,2e-06,3e-06,2e-06,5e-06,2e-06,2e-06,2e-06,1e-06,3e-06,2e-06,2e-06,1.9499,3.0953,0,0,0,0,0,0,0,0,0,0,0,0,0,0,0,0,0,0,0,0,0,0,0,0,0,0,0,0,0,0,0
0.007338,0.026012,0.071501,0.021461,-53.538,3.9316,-0.33937,0.66719,0.29329,0.14424,-0.055229,0.62494,0.1387,0.11628,0.23652,0.10311,0.21974,8e-06,5e-06,6e-06,1.2e-05,6e-06,8e-06,5e-06,7e-06,6e-06,5e-06,1.3e-05,7e-06,1.7324,2.6797,0,0,0,0,1e-06,0,0,0,0,0,0,0,0,0,0,0,0,0,0,0,0,0,0,0,0,0,0,0,0,0,0
0.007576,0.054791,0.10667,0.070699,-60.834,5.3151,-2.4215,0.75682,-0.70042,0.41028,-0.26043,0.23642,-0.28466,0.25107,-0.028409,0.34905,-0.43214,1e-06,0,0,0,0,1e-06,0,0,0,0,0,0,3.7102,45.012,0,0,0,0,1e-06,0,0,0,0,0,0,0,0,0,0,0,0,0,0,0,0,0,0,0,0,0,0,0,0,0,1e-06
0.009432,0.028649,0.074419,0.022512,-60.262,3.775,0.90654,0.68644,0.016769,0.55807,-0.528,1.3284,-0.25215,0.83866,-0.2204,0.057277,0.55545,0,0,1e-06,1e-06,1e-06,2e-06,1e-06,2e-06,1e-06,0,1e-06,0,2.7052,6.1948,0,0,0,0,1e-06,0,0,0,0,0,0,0,0,0,0,0,0,0,0,0,0,0,0,0,0,0,0,0,0,0,0
0.008376,0.038131,0.04723,0.036915,-57.057,5.8576,0.93701,0.2044,-0.26561,-0.49302,-0.14614,0.20173,0.36011,0.33548,-0.26474,-0.086736,0.55618,2e-06,1e-06,2e-06,6e-06,2e-06,5e-06,3e-06,6e-06,2e-06,1e-06,2e-06,1e-06,2.1883,8.4502,0,0,0,0,1e-06,0,0,0,0,0,0,0,0,0,0,0,0,0,0,0,0,0,0,0,0,0,0,0,0,0,0
0.001487,0.01176,0.026524,0.034663,-62.1,7.6971,-0.86677,0.35462,0.50437,0.6045,0.9379,0.42083,0.35196,0.84767,0.4465,0.73384,0.056946,1e-06,1e-06,1e-06,3e-06,1e-06,1e-06,3e-06,1e-06,0,1e-06,3e-06,6e-06,3.1456,22.417,0,0,0,0,0,0,0,0,0,0,0,0,0,0,0,0,0,0,0,0,0,0,0,0,0,0,0,0,0,0,0
0.00461,0.023785,0.039927,0.042515,-61.103,4.9298,0.30061,2.1057,0.44869,0.31439,-0.93763,-0.30985,-0.098013,0.16451,0.085512,0.59169,0.065509,2e-06,0,1e-06,1e-06,0,0,0,1e-06,1e-06,0,1e-06,1e-06,3.3719,15.313,0,0,0,0,0,0,0,0,0,0,0,0,0,0,0,0,0,0,0,0,0,0,0,0,0,0,0,0,0,0,0
0.005171,0.026241,0.069826,0.084368,-55.795,4.8846,-0.39204,1.436,-0.58234,0.12447,0.18354,0.34982,0.030921,-0.25848,-0.14831,-0.12515,0.004996,2e-06,3e-06,2e-06,5e-06,2e-06,2e-06,4e-06,3e-06,4e-06,2e-06,4e-06,4e-06,1.5815,3.1368,0,0,0,0,0,0,0,0,0,0,0,0,0,0,0,0,0,0,0,0,0,0,0,0,0,0,0,0,0,0,0
0.003997,0.019453,0.04003,0.068875,-60.056,5.4491,-0.13106,1.8926,0.37422,0.28986,-0.036634,0.31404,0.29024,-0.072911,0.26579,-0.075685,-0.23447,1e-06,2e-06,1e-06,1e-06,1e-06,3e-06,1e-06,0,0,1e-06,1e-06,1e-06,3.3891,9.5583,0,0,0,0,0,0,0,0,0,0,0,0,0,0,0,0,0,0,0,0,0,0,0,0,0,0,0,0,0,0,0
0.008123,0.064987,0.18305,0.026989,-57.614,4.271,0.74104,1.0125,0.089166,-0.15003,-0.32195,-0.051181,0.43339,-0.018549,-0.16062,0.0969,0.30823,2e-06,1e-06,1e-06,1e-06,1e-06,1e-06,1e-06,1e-06,0,1e-06,3e-06,1e-06,2.3487,5.2069,0,0,0,0,0,0,0,0,0,0,0,0,0,0,0,0,0,0,0,0,0,0,0,0,0,0,0,0,0,0,0
0.001578,0.007472,0.015023,0.00516,-64.48,10.887,-1.6614,0.67994,0.19749,0.80628,0.098785,0.17528,0.21422,0.3053,0.54458,0.32981,-0.11843,1.1e-05,2e-06,2e-06,0,1e-06,6e-06,2e-06,6e-06,1e-06,2e-06,5e-06,3e-06,3.2963,23.151,0,0,0,0,1e-06,0,0,0,0,0,0,0,0,0,0,0,0,0,0,0,0,0,0,0,0,0,0,0,0,0,0
0.009767,0.082784,0.17344,0.059868,-58.027,2.2553,-0.40385,2.0128,-1.2134,1.0177,-0.37955,0.39276,-0.30789,0.22715,0.10921,-0.31606,0.068953,1e-06,1e-06,1e-06,1e-06,0,1e-06,1e-06,1e-06,1e-06,0,1e-06,1e-06,1.6539,3.2061,0,0,0,0,0,0,0,0,0,0,0,0,0,0,0,0,0,0,0,0,0,0,0,0,0,0,0,0,0,0,0
0.001359,0.007552,0.005713,0.028688,-61.983,3.2135,0.083902,0.48817,0.62617,0.67575,-0.30567,-0.22535,-0.271,-0.17157,0.077479,0.073478,0.16953,1e-06,0,1e-06,2e-06,6e-06,4e-06,1e-06,0,0,1e-06,3e-06,1e-06,3.6387,23.404,0,0,0,0,0,0,0,0,0,0,0,0,0,0,0,0,0,0,0,0,0,0,0,0,0,0,0,0,0,0,0
0.007629,0.036583,0.075529,0.047164,-54.688,4.643,-0.33778,0.46073,0.59281,0.20276,-0.17787,-0.15869,0.039488,0.71866,0.082188,-0.32261,0.32895,2e-06,4e-06,6e-06,4e-06,7e-06,3e-06,6e-06,3e-06,4e-06,1e-05,4e-06,6e-06,2.1042,4.4933,0,0,0,0,1e-06,0,0,0,0,0,0,0,0,0,0,0,0,0,0,0,0,0,0,0,0,0,0,0,0,0,0
0.002893,0.018753,0.04472,0.017733,-61.483,7.7019,-1.4825,0.59181,-0.79353,0.70086,-0.017051,0.16303,0.054592,0.25459,-0.008113,-0.33839,-0.29064,3e-06,1e-06,1e-06,0,1e-06,1e-06,0,1e-06,1e-06,2e-06,2e-06,1e-06,2.4005,8.2512,0,0,0,0,1e-06,0,0,0,0,0,0,0,0,0,0,0,0,0,0,0,0,0,0,0,0,0,0,0,0,0,0
0.004916,0.023883,0.042866,0.045185,-56.73,5.755,0.10175,2.3374,-1.2193,-0.002255,0.23755,0.12609,-0.49315,0.039409,-0.54685,-0.43011,-0.27302,4e-06,1e-05,6e-06,2e-06,1e-06,1e-06,4e-06,3e-06,2e-06,5e-06,2e-06,5e-06,2.5934,8.216,0,0,0,0,1e-06,0,0,0,0,0,0,0,0,0,0,0,0,0,0,0,0,0,0,0,0,0,0,0,0,0,0
0.00721,0.021757,0.03176,0.04592,-58.083,4.14,1.3957,0.71894,0.31615,0.34615,-0.13527,0.69925,0.11197,0.37334,-0.091892,0.21765,0.25675,1e-06,1e-06,2e-06,2e-06,2e-06,3e-06,2e-06,4e-06,4e-06,4e-06,4e-06,1e-06,1.5763,3.4941,0,0,0,0,0,0,0,0,0,0,0,0,0,0,0,0,0,0,0,0,0,0,0,0,0,0,0,0,0,0,0
0.010127,0.066076,0.12669,0.39576,-56.627,3.6994,-1.7628,-0.083637,-0.71588,0.31739,0.22651,0.2914,-0.21438,-0.26932,-0.57367,-0.17609,-0.075776,1e-06,3e-06,1e-06,1e-06,1e-06,1e-06,2e-06,1e-06,1e-06,0,1e-06,1e-06,2.6436,6.5873,0,0,0,0,1e-06,0,0,0,0,0,0,0,0,0,0,0,0,0,0,0,0,0,0,0,0,0,0,0,0,0,0
0.001473,0.007753,0.016847,0.085682,-65.137,10.75,-1.3745,0.79676,0.01937,0.57647,0.091497,0.20055,0.15378,0.2254,0.54992,0.40785,-0.071497,4e-06,1e-06,2e-06,0,1e-06,6e-06,2e-06,5e-06,1e-06,2e-06,5e-06,2e-06,2.2628,12.045,0,0,0,0,1e-06,0,0,0,0,0,0,0,0,0,0,0,0,0,0,0,0,0,0,0,0,0,0,0,0,0,0
0.005337,0.020775,0.059683,0.02351,-58.765,5.2272,-1.6149,0.9007,-0.13498,0.36144,0.59386,0.42463,-0.058748,-0.20691,-0.058951,0.034004,0.021648,0,0,3e-06,8e-06,3e-06,1e-06,1e-06,1e-06,1e-06,0,0,1e-06,5.1574,24.058,0,0,0,0,0,0,0,0,0,0,0,0,0,0,0,0,0,0,0,0,0,0,0,0,0,0,0,0,0,0,0
0.004318,0.027292,0.047035,0.096928,-73.95,6.8305,-0.92737,1.2956,-0.29276,-0.32152,0.59565,-1.3439,-0.27609,-0.01076,-0.30014,0.22007,0.36948,0,0,0,0,0,0,0,0,0,0,0,0,2.7658,18.679,0,0,0,0,0,0,0,0,0,0,0,0,0,0,0,0,0,0,0,0,0,0,0,0,0,0,0,0,0,0,0
0.00577,0.040131,0.070686,0.045629,-60.566,6.3511,-1.5048,0.5416,-0.4327,1.3283,-0.7673,-2.1976,-0.4148,-0.005952,-0.56445,0.85259,0.21349,0,0,1e-06,1e-06,0,2e-06,1e-06,0,1e-06,0,1e-06,0,3.5047,16.758,0,0,0,0,1e-06,0,0,0,0,0,0,0,0,0,0,0,0,0,0,0,0,0,0,0,0,0,0,0,0,0,0
0.004674,0.0214,0.035873,0.051044,-60.462,10.536,-3.3736,4.6366,0.086295,-1.4129,0.11245,-0.12425,0.96456,0.89889,0.4171,0.76285,-0.11327,8e-06,9e-06,3e-06,2e-06,6e-06,9e-06,4e-06,3e-06,3e-06,2e-06,4e-06,3e-06,1.9881,6.0939,0,0,0,0,1e-06,0,0,0,0,0,0,0,0,0,0,0,0,0,0,0,0,0,0,0,0,0,0,0,0,0,0
0.010108,0.042176,0.081911,0.11262,-56.857,5.0994,-0.2473,1.2348,-0.17128,-0.01337,0.013421,0.10599,0.20054,0.30996,-0.13578,-0.1151,0.11789,1e-06,1e-06,3e-06,2e-06,0,0,1e-06,7e-06,2e-06,1e-06,1e-06,1e-06,4.1399,15.387,0,0,0,0,0,0,0,0,0,0,0,0,0,0,0,0,0,0,0,0,0,0,0,0,0,0,0,0,0,0,0
